{"cameraMode":{"drawMode":0,"name":"Shaded","section":"Shading Mode"},"sceneLighting":true,"audioPlay":false,"sceneViewState":{"showFog":true,"showMaterialUpdate":true,"showSkybox":true,"showFlares":true,"showImageEffects":true,"showParticleSystems":true},"in2DMode":false,"pivot":{"x":7.853271484375,"y":-244.63345336914063,"z":136.48025512695313},"rotation":{"x":-0.19298668205738069,"y":0.7366432547569275,"z":-0.23540648818016053,"w":-0.6039014458656311},"size":1103.763427734375,"orthographic":false}